{"error": null, "params": {"dates": [{"endDate": "07-26-2019", "startDate": "07-01-2019", "yearRange": [1980, 2050]}], "layers": [{"layer": "Evaporative_Stress_Index_PT_JPL_ESIavg", "product": "ECO4ESIPTJPL.001"}, {"layer": "Evaporative_Stress_Index_PT_JPL_PET", "product": "ECO4ESIPTJPL.001"}, {"layer": "SDS_LST", "product": "ECO2LSTE.001"}, {"layer": "SDS_LST_err", "product": "ECO2LSTE.001"}], "coordinates": [{"id": "M3", "latitude": 35.094051, "longitude": -116.8349}, {"id": "M2", "latitude": 34.698199, "longitude": -115.684169}, {"id": "M1", "latitude": 34.205676, "longitude": -115.719676}]}, "status": "processing", "created": "2020-06-04T18:02:57.366890", "task_id": "e83f4674-f4b9-492b-8ac8-ac09fdf65b0c", "updated": "2020-06-04T18:03:03.987958", "user_id": "braunj@yorku.ca", "estimate": {"request_size": 156}, "retry_at": null, "task_name": "moajvesites", "task_type": "point", "api_version": null, "svc_version": "2.42.1", "web_version": "2.42.1", "size_category": "0", "expires_on": "2020-07-04T18:03:03.987958", "attempts": 1}
