{"error": null, "params": {"dates": [{"endDate": "07-17-2019", "startDate": "06-20-2019", "yearRange": [1980, 2050]}], "layers": [{"layer": "Evaporative_Stress_Index_PT_JPL_ESIavg", "product": "ECO4ESIPTJPL.001"}, {"layer": "Evaporative_Stress_Index_PT_JPL_PET", "product": "ECO4ESIPTJPL.001"}], "coordinates": [{"id": "PAN1", "latitude": 36.70654, "longitude": -120.812}, {"id": "PAN2", "latitude": 36.70554, "longitude": -120.81229}, {"id": "PAN3", "latitude": 36.70000998, "longitude": -120.801116}, {"id": "M3", "latitude": 35.094051, "longitude": -116.8349}, {"id": "M2", "latitude": 34.698199, "longitude": -115.684169}, {"id": "M1", "latitude": 34.205676, "longitude": -115.719676}, {"id": "C1", "latitude": 34.84872602, "longitude": -119.483117}, {"id": "C2", "latitude": 34.85362197, "longitude": -119.485961}, {"id": "C3", "latitude": 34.93824399, "longitude": -119.48084}]}, "status": "processing", "created": "2020-06-03T18:38:34.064570", "task_id": "2e7ec95b-07c6-483d-ab40-778b4ea42074", "updated": "2020-06-03T21:01:03.034930", "user_id": "braunj@yorku.ca", "attempts": 4, "estimate": {"request_size": 252}, "retry_at": null, "completed": "2020-06-03T19:27:23.891859", "task_name": "RDM", "task_type": "point", "api_version": null, "svc_version": "2.42", "web_version": "2.42", "size_category": "0", "expires_on": "2020-07-03T21:01:03.034930"}
